{"losses/value_loss":412.63592529296875,"_runtime":131.444365352,"charts/learning_rate":0.0002499487914789021,"_timestamp":1.7416890448130672e+09,"losses/old_approx_kl":-0.00728367967531085,"losses/policy_loss":0.013165847398340702,"losses/clipfrac":0.0965576171875,"losses/entropy":1.572138786315918,"_wandb":{"runtime":131},"charts/SPS":35,"_step":4096,"losses/approx_kl":0.011252593249082565}