{"losses/clipfrac":0.0733642578125,"losses/approx_kl":0.0059962491504848,"_runtime":1821.364874984,"losses/value_loss":1725.581298828125,"losses/old_approx_kl":0.0004383353516459465,"losses/entropy":0.4140065908432007,"charts/learning_rate":0.0002461593609176567,"_timestamp":1.7416888950341578e+09,"losses/policy_loss":-0.0037867319770157337,"_step":155648,"_wandb":{"runtime":1821},"charts/SPS":86}