{"charts/learning_rate":0.00023842687423187217,"losses/old_approx_kl":0.0001791438553482294,"losses/approx_kl":0.004339783452451229,"losses/clipfrac":0.2890625,"losses/entropy":1.3888909816741943,"charts/SPS":95,"_wandb":{"runtime":4896},"_step":464896,"losses/value_loss":13.130115509033203,"losses/policy_loss":-0.00641738623380661,"_runtime":4896.211380024,"_timestamp":1.7416947122287056e+09}