{"losses/old_approx_kl":0.14048855006694794,"_timestamp":1.7416982444320626e+09,"losses/policy_loss":0.09373828768730164,"losses/entropy":0.35626134276390076,"_runtime":1208.333871578,"losses/clipfrac":0.609619140625,"_wandb":{"runtime":1208},"losses/approx_kl":0.1211869865655899,"charts/SPS":78,"losses/value_loss":4643.9970703125,"_step":94208,"charts/learning_rate":0.00024769561655059403}