{"losses/value_loss":3721.619140625,"charts/learning_rate":0.00024595452683326505,"_timestamp":1.7416998991899781e+09,"losses/approx_kl":3.7136487662792206e-08,"_step":163840,"_wandb":{"runtime":1637},"losses/clipfrac":0,"losses/entropy":0.001476207748055458,"losses/old_approx_kl":2.6673078536987305e-05,"charts/SPS":101,"losses/policy_loss":-2.4259090423583984e-05,"_runtime":1637.089640229}