{"losses/approx_kl":6.57406635582447e-05,"losses/value_loss":1736.506103515625,"charts/SPS":86,"charts/learning_rate":0.0002485149528881606,"losses/old_approx_kl":0.0011637695133686066,"losses/policy_loss":-0.0007084915414452553,"losses/entropy":0.015323411673307419,"_wandb":{"runtime":718},"_runtime":718.191051763,"losses/clipfrac":0.00634765625,"_step":61440,"_timestamp":1.7416968822299156e+09}