{"losses/clipfrac":0.1552734375,"losses/entropy":1.26544189453125,"_timestamp":1.7416898004739656e+09,"_wandb":{"runtime":597},"_runtime":597.38963466,"losses/policy_loss":-0.005296088755130768,"_step":47104,"losses/approx_kl":0.0023431237787008286,"charts/SPS":79,"losses/old_approx_kl":-0.012311100959777832,"charts/learning_rate":0.00024887341253584597,"losses/value_loss":1435.877197265625}