{"losses/value_loss":6849.859375,"losses/approx_kl":0,"losses/policy_loss":-8.195638656616211e-08,"charts/learning_rate":0.00024911839999999997,"losses/entropy":1.0914261565631023e-06,"_step":35328,"_runtime":761.35166764,"losses/old_approx_kl":0,"_wandb":{"runtime":761},"losses/clipfrac":0,"charts/SPS":46,"_timestamp":1.7416869699338737e+09}