{"_timestamp":1.7417046866005335e+09,"charts/SPS":95,"_runtime":3469.709159228,"_wandb":{"runtime":3469},"losses/policy_loss":0.019414832815527916,"losses/approx_kl":0.0282665453851223,"_step":331776,"losses/value_loss":65.76953125,"charts/learning_rate":0.0002417554281032364,"losses/clipfrac":0.4219970703125,"losses/entropy":0.5420429706573486,"losses/old_approx_kl":0.17279209196567535}